,Tickers
0,TYT.L
1,AZNL.XC
2,AZN.L
3,SHELL.XC
4,SHEL.L
5,BHPL.XC
6,BHP.L
7,HSBAL.XC
8,HSBA.L
9,BP-A.L
10,BP-B.L
11,BC94.L
12,ULVRL.XC
13,ULVR.L
14,RIO.L
15,RIOL.XC
16,BPL.XC
17,BP.L
18,GSK.L
19,GSKL.XC
20,REL.L
21,RELL.XC
22,DGEL.XC
23,DGE.L
24,BATS.L
25,BNC.L
26,LSEG.L
27,GLEN.L
28,GLENL.XC
29,GACA.L
30,SANB.L
31,RKTL.XC
32,RKT.L
33,CRH.L
34,CRHL.XC
35,GACB.L
36,NGL.XC
37,NG.L
38,0M69.IL
39,CPGL.XC
40,CPG.L
41,BAL.XC
42,BA.L
43,NOVOBC.XC
44,0QIU.IL
45,WDSL.XC
46,LLOY.L
47,FERGL.XC
48,WDS.L
49,0R2V.IL
50,AAPL
51,HLN.L
52,HLNL.XC
53,EXPN.L
54,EXPNL.XC
55,MSFT
56,0QYP.IL
57,FLTRL.XC
58,FLTR.L
59,MSFD.XC
60,LLOYL.XC
61,APCD.XC
62,0Z4S.IL
63,RR.L
64,RRL.XC
65,AAL.L
66,AALL.XC
67,0RUK.IL
68,III.L
69,PRUL.XC
70,BARCL.XC
71,BARC.L
72,AHT.L
73,AHTL.XC
74,0R22.IL
75,TSCOL.XC
76,TSCO.L
77,NWG.L
78,STAN.L
79,SSEL.XC
80,SSE.L
81,0RYA.IL
82,VOD.L
83,VODL.XC
84,GOOG
85,GOOGL
86,0HD6.IL
87,0RIH.IL
88,NWGL.XC
89,0RYAL.XC
90,ABF.L
91,ABFL.XC
92,ABEAD.XC
93,IMBL.XC
94,IMB.L
95,ABECD.XC
96,WPM.L
97,AMZN
98,CCLL.XC
99,CCL.L
100,ANTOL.XC
101,ANTO.L
102,STANL.XC
103,LGENL.XC
104,LGEN.L
105,AMZD.XC
106,NVDA
107,NVDD.XC
108,IHGL.XC
109,IHG.L
110,KNM.L
111,AV.L
112,AVL.XC
113,SGEL.XC
114,SGE.L
115,BTL.XC
116,BT-A.L
117,BNZLL.XC
118,BNZL.L
119,NXT.L
120,SMTL.XC
121,SMT.L
122,SGROL.XC
123,SGRO.L
124,INFL.XC
125,INF.L
126,0QZI.IL
127,RTOL.XC
128,RTO.L
129,META
130,SNL.XC
131,SN.L
132,AIBG.L
133,FB2AD.XC
134,WISEL.XC
135,WISE.L
136,0M2Z.IL
137,CCHL.XC
138,CCH.L
139,0R37.IL
140,HLMAL.XC
141,HLMA.L
142,0XXT.IL
143,0XXV.IL
144,BRK-A
145,BRK-B
146,0NUG.L
147,ATCOAS.XC
148,WPPL.XC
149,WPP.L
150,MRO.L
151,ADML.XC
152,ADM.L
153,MROL.XC
154,CNAL.XC
155,CNA.L
156,SVTL.XC
157,SVT.L
158,SKG.L
159,SKGL.XC
160,RICO.L
161,S32L.XC
162,S32.L
163,BRYND.XC
164,SPXL.XC
165,SPX.L
166,IAG.L
167,IAGL.XC
168,UU.L
169,UUL.XC
170,ITRKL.XC
171,ITRK.L
172,PSH.L
173,PSHL.XC
174,MNDI.L
175,MNDIL.XC
176,PSON.L
177,PSONL.XC
178,WTB.L
179,WTBL.XC
180,SBRYL.XC
181,SDR.L
182,SDRL.XC
183,SBRY.L
184,AUTOL.XC
185,AUTO.L
186,TSLA
187,AV-A.L
188,0NC6.IL
189,TL0D.XC
190,ENT.L
191,ENTL.XC
192,CRDAL.XC
193,AV-B.L
194,JDL.XC
195,LLY
196,JD.L
197,0LCV.IL
198,0RJ4.IL
199,SMIN.L
200,TSM
201,SMINL.XC
202,AVGO
203,JPM
204,DCCL.XC
205,DCC.L
206,V
207,1YDD.XC
208,BMEL.XC
209,BME.L
210,MNGL.XC
211,MNG.L
212,BDEVL.XC
213,0NZF.IL
214,BDEV.L
215,0LOS.L
216,TW.L
217,PHNXL.XC
218,BKGL.XC
219,TWL.XC
220,PHNX.L
221,BKG.L
222,0HTP.IL
223,CTECL.XC
224,CTEC.L
225,3V64D.XC
226,VOLVBS.XC
227,MKSL.XC
228,MKS.L
229,0Q1F.IL
230,FCIT.L
231,FCITL.XC
232,LANDL.XC
233,0YXG.L
234,LAND.L
235,OCDOL.XC
236,OCDO.L
237,AAFL.XC
238,AAF.L
239,INVR.L
240,PSNL.XC
241,PSN.L
242,UNH
243,0R0O.IL
244,NONOF
245,WEIR.L
246,NVO
247,ICPL.XC
248,ICP.L
249,WEIRL.XC
250,0N4T.IL
251,BRBYL.XC
252,BRBY.L
253,CMCD.XC
254,DPLML.XC
255,DPLM.L
256,0KZC.L
257,UTGL.XC
258,DPHL.XC
259,DPH.L
260,UTG.L
261,WMT
262,RMVL.XC
263,HWDN.L
264,HWDNL.XC
265,HIKL.XC
266,RMV.L
267,0R1W.IL
268,IMIL.XC
269,IMI.L
270,KGFL.XC
271,KGF.L
272,MA
273,0R1M.IL
274,MAW.L
275,JNJ
276,XOM
277,SMDSL.XC
278,SMDS.L
279,SMSNL.XC
280,EZJL.XC
281,EZJ.L
282,0R2Z.IL
283,M4ID.XC
284,SMSN.IL
285,HSXL.XC
286,HSX.L
287,SXSL.XC
288,0HAU.IL
289,SMSD.IL
290,LVMHF
291,LVMUY
292,FRASL.XC
293,RS1L.XC
294,RS1.L
295,STJL.XC
296,FRAS.L
297,HLL.XC
298,STJ.L
299,HL.L
300,0GUX.L
301,JNJD.XC
302,FRES.L
303,HD
304,XONAD.XC
305,FRESL.XC
306,BEZ.L
307,BLND.L
308,BEZL.XC
309,BLNDL.XC
310,LTMAY
311,0NOF.IL
312,INVP.L
313,0O84.IL
314,INVPL.XC
315,0R87.IL
316,UKW.L
317,MCP.XC
318,VTY.L
319,VTYL.XC
320,JPM-PC
321,GAW.L
322,JPM-PD
323,ABDN.L
324,GAWL.XC
325,ABDNL.XC
326,EDV.L
327,PCT.L
328,EDVL.XC
329,PCTL.XC
330,0AAZ.IL
331,BAC
332,TCTZF
333,BWY.L
334,BWYL.XC
335,TCEHY
336,CCCL.XC
337,0LEA.L
338,CCC.L
339,ATSTL.XC
340,ATST.L
341,BBOX.L
342,BBOXL.XC
343,BAC-PK
344,3INL.XC
345,3IN.L
346,0M42.IL
347,0JN9.IL
348,COST
349,ORCL
350,0QAH.IL
351,MRK
352,ASML
353,ASMLF
354,0R1G.IL
355,0JFF.L
356,NSRGY
357,BML-PG
358,IGG.L
359,IGGL.XC
360,NSRGF
361,0QCV.IL
362,JMAT.L
363,JMATL.XC
364,BAC-PL
365,ABBV
366,BML-PL
367,BML-PH
368,0RQ6.IL
369,0HBY.IL
370,0HC0.IL
371,0QB8.IL
372,0QZD.IL
373,TUI.L
374,JET2.L
375,TUIL.XC
376,SCTL.XC
377,SCT.L
378,INCH.L
379,ASMLA.XC
380,INCHL.XC
381,ORCD.XC
382,0R7S.L
383,0QR4.IL
384,GRGL.XC
385,GRG.L
386,RORL.XC
387,ADBE
388,RCP.L
389,EMG.L
390,SHCL.XC
391,TRIG.L
392,SHC.L
393,ROR.L
394,0R2Q.IL
395,CRM
396,AMD
397,TOYOF
398,TM
399,CVX
400,EVOS.XC
401,4ABD.XC
402,SANDS.XC
403,DSVC.XC
404,0Q16.IL
405,RSWL.XC
406,RSW.L
407,HICLL.XC
408,NESNZ.XC
409,HICL.L
410,AMDD.XC
411,KO
412,DARKL.XC
413,DARK.L
414,BML-PJ
415,BAC-PB
416,0HBP.IL
417,TATEL.XC
418,TATE.L
419,INPP.L
420,0O77.IL
421,0O76.IL
422,ITVL.XC
423,LRLCF
424,INPPL.XC
425,ITV.L
426,IDS.L
427,LRLCY
428,BUR.L
429,0K9E.L
430,IDSL.XC
431,CHVD.XC
432,OMUL.XC
433,0TDF.L
434,0TDD.L
435,FMX
436,FMXUF
437,CCC3D.XC
438,OMU.L
439,0NZM.IL
440,DLNL.XC
441,DLN.L
442,SWEDAS.XC
443,0Y0Y.L
444,NCBD.XC
445,MNKSL.XC
446,MNKS.L
447,ACN
448,RHHVF
449,RHHBY
450,IDCBF
451,0QOS.IL
452,RHHBF
453,ORP.XC
454,PEP
455,BAB.L
456,BABL.XC
457,0YSU.L
458,NVSEF
459,SSONL.XC
460,0HN3.L
461,0QQ6.L
462,DLGL.XC
463,DLG.L
464,RIGDL.XC
465,NVS
466,0R0H.L
467,IBM.L
468,HBR.L
469,HBRL.XC
470,0H6T.IL
471,IDCBY
472,0O87.IL
473,BPT.L
474,BPTL.XC
475,MAERBC.XC
476,MCD
477,BYGL.XC
478,BYG.L
479,0QYI.IL
480,CWKL.XC
481,DNLML.XC
482,CWK.L
483,DNLM.L
484,TMO
485,NFLX
486,BVIC.L
487,BVICL.XC
488,PEPD.XC
489,AZNCF
490,HESAF
491,0R7R.IL
492,HESAY
493,ROOL.XC
494,ROO.L
495,CSCO
496,AZN
497,NETW.L
498,0O86.L
499,0QOK.IL
500,NETWL.XC
501,0YSV.L
502,RIGD.IL
503,PNNL.XC
504,PNN.L
505,CTY.L
506,0NMK.IL
507,INTC
508,LMPL.XC
509,LMP.L
510,HGT.L
511,0HV2.IL
512,ROGZ.XC
513,HVPEL.XC
514,MDOD.XC
515,HGTL.XC
516,ROZ.XC
517,WIZZL.XC
518,SHEL
519,0Q15.IL
520,HCM.L
521,ABT
522,NFCD.XC
523,WIZZ.L
524,0QYJ.IL
525,LIN
526,VWSC.XC
527,RDWL.XC
528,QQL.XC
529,RDW.L
530,VMUKL.XC
531,VMUK.L
532,QQ.L
533,GFTUL.XC
534,RMSP.XC
535,RYDAF
536,NOVNZ.XC
537,GFTU.L
538,0RHE.IL
539,CLDN.L
540,0A2W.IL
541,SAP
542,GRIL.XC
543,TMUS
544,GRI.L
545,CISD.XC
546,PHLL.L
547,CLDNL.XC
548,SAPGF
549,0HCI.IL
550,PHLLL.XC
551,HVPE.L
552,DRXL.XC
553,DRX.L
554,WFC-PR
555,0J1B.L
556,SRP.L
557,INLD.XC
558,SRPL.XC
559,LXIL.XC
560,BBYL.XC
561,RATL.XC
562,BBY.L
563,WFC-PL
564,WWH.L
565,RAT.L
566,LXI.L
567,0QBO.IL
568,IWG.L
569,0NC5.L
570,IWGL.XC
571,0A2S.IL
572,0R2F.IL
573,BGEO.L
574,COLOBC.XC
575,SSPGL.XC
576,CMCSA
577,INTU
578,BGEOL.XC
579,ACGBF
580,SAPD.XC
581,ESSIBS.XC
582,0NW4.IL
583,SAFEL.XC
584,0RQC.L
585,SAFE.L
586,WFC
587,INDVL.XC
588,INDV.L
589,0R2E.L
590,DIS
591,ACGBY
592,0Q1N.IL
593,0RQD.IL
594,PNLL.XC
595,PNL.L
596,0M5J.IL
597,ENOG.L
598,TELO.XC
599,DHR
600,0G8C.IL
601,0Q1S.IL
602,ENOGL.XC
603,QCOM
604,TPKL.XC
605,TPK.L
606,PCCYF
607,BABAF
608,0JVQ.L
609,AKRBPO.XC
610,FGT.L
611,FGTL.XC
612,0R0T.IL
613,C-PJ
614,MRCL.XC
615,OSB.L
616,MRC.L
617,0NNF.IL
618,OSBL.XC
619,0R2B.L
620,DATA.L
621,VZ
622,0YIK.L
623,AMGN
624,TBCGL.XC
625,TBCG.L
626,0R2H.L
627,N91.L
628,ORSTEC.XC
629,DANSKC.XC
630,JAM.L
631,JAML.XC
632,MABL.XC
633,MAB.L
634,TEML.XC
635,TEM.L
636,ASHM.L
637,ASHML.XC
638,PFE
639,0NVC.IL
640,SMWHL.XC
641,SMWH.L
642,RHIM.L
643,RHIML.XC
644,TXN
645,WDPD.XC
646,QCID.XC
647,IBM
648,HAS.L
649,HASL.XC
650,0MGB.IL
651,BYITL.XC
652,0QYU.L
653,YCA.L
654,AHLAD.XC
655,0RQP.IL
656,AML.L
657,DAPD.XC
658,AMLL.XC
659,PAGL.XC
660,TRNL.XC
661,NOW
662,PAG.L
663,BYIT.L
664,TRN.L
665,PAGEL.XC
666,AMGD.XC
667,PIN.L
668,BHPLF
669,BHP
670,PROSY
671,PAGE.L
672,MYIL.XC
673,MYI.L
674,PROSF
675,PINL.XC
676,BACD.XC
677,0A30.IL
678,0VL8.L
679,0YZ2.IL
680,TTFNF
681,MS
682,0M8V.IL
683,SVSL.XC
684,TTE
685,SVS.L
686,GNSL.XC
687,HILS.L
688,UNP
689,GNS.L
690,HILSL.XC
691,CAT
692,WTAN.L
693,HSBC
694,LRE.L
695,0QZ6.IL
696,PFED.XC
697,IBMD.XC
698,FOURL.XC
699,FEV.L
700,BX
701,FEVL.XC
702,GS
703,FOUR.L
704,PLUS.L
705,PETS.L
706,PETSL.XC
707,PLUSL.XC
708,PM
709,CICHF
710,0A1U.IL
711,GE
712,QLTL.XC
713,0A28.IL
714,BHMG.L
715,HBCYF
716,QLT.L
717,ONTL.XC
718,TCAP.L
719,TCAPL.XC
720,BACHF
721,HDB
722,CICHY
723,ONT.L
724,PRXA.XC
725,DOML.XC
726,0R1A.IL
727,0H13.IL
728,SPGI
729,SMAWF
730,SIEGY
731,AMAT
732,0R3C.IL
733,SEQI.L
734,DOM.L
735,GEC.L
736,NKED.XC
737,0L5N.L
738,SEQIL.XC
739,RY
740,ITHL.XC
741,ITH.L
742,0Q11.IL
743,0R2L.L
744,TTEP.XC
745,YOU.L
746,0A2V.IL
747,CMWAY
748,PTEC.L
749,PTECL.XC
750,RTNTF
751,TTE.L
752,0R3G.IL
753,BOCHL.XC
754,UPS
755,0W2Y.IL
756,0R08.L
757,BACHY
758,BOCH.L
759,AXP
760,0GWB.IL
761,MONY.L
762,0AAE.IL
763,AGR.L
764,AGRL.XC
765,RSAB.L
766,UNPD.XC
767,MONYL.XC
768,ISRG
769,ASCL.L
770,HMSOL.XC
771,IDEXF
772,MTOL.XC
773,HON
774,0AI4.IL
775,IDEXY
776,INDUAS.XC
777,UBER
778,MTO.L
779,DWLL.XC
780,ASCLL.XC
781,DWL.L
782,0M5M.L
783,0A22.IL
784,SNYNF
785,KNOSL.XC
786,VSVS.L
787,EADSF
788,KNOS.L
789,HMSO.L
790,VSVSL.XC
791,CHDRY
792,SMS.L
793,OXIGL.XC
794,AJB.L
795,SNY
796,AJBL.XC
797,0BOE.L
798,OXIG.L
799,EADSY
800,0R3E.L
801,JTCL.XC
802,BA
803,JTC.L
804,GMABC.XC
805,COP
806,ZEG.L
807,SIED.XC
808,BNKRL.XC
809,0NPL.IL
810,0QWI.IL
811,PHPL.XC
812,PHP.L
813,BNKR.L
814,SEPLL.XC
815,0FMN.IL
816,ZEGL.XC
817,DTEGY
818,WFC-PC
819,LOW
820,BUDFF
821,CHDRF
822,0QZP.L
823,SEPL.L
824,0R2N.IL
825,0JT5.L
826,ATT.L
827,0QZZ.L
828,DTEGF
829,ATTL.XC
830,BUD
831,0O59.IL
832,0R2P.L
833,UT8D.XC
834,0KVV.IL
835,WGL.XC
836,SONY
837,RTX
838,VCTL.XC
839,BKNG
840,BOYL.XC
841,WG.L
842,PFD.L
843,PFDL.XC
844,BOY.L
845,0HG8.L
846,AEC1D.XC
847,ITXE.XC
848,KWS.L
849,NHYO.XC
850,BREEL.XC
851,BREE.L
852,0QZA.L
853,0RJI.IL
854,0HKP.L
855,TEPL.XC
856,SNEJF
857,T
858,TEP.L
859,PLD
860,SYK
861,SANP.XC
862,BCOD.XC
863,CVSG.L
864,0R2S.L
865,UL
866,0Y6X.L
867,VEILL.XC
868,NEE
869,VEIL.L
870,SRE.L
871,SREL.XC
872,TELIAS.XC
873,SCHW
874,CDIP.XC
875,0MPH.IL
876,COA.L
877,JMGL.XC
878,JMG.L
879,UNLYF
880,COAL.XC
881,DTED.XC
882,FEVR.L
883,MDT
884,ASL.L
885,ASLL.XC
886,VRTX
887,0KCK.IL
888,GAMA.L
889,0LCE.L
890,0QZU.L
891,0JOQ.IL
892,GOSD.XC
893,5URD.XC
894,NPPXF
895,ABIB.XC
896,0NWV.IL
897,FGPL.XC
898,BCG.L
899,TD
900,FGP.L
901,ELV
902,KYCCF
903,SOBAD.XC
904,CGTL.XC
905,CGT.L
906,CKN.L
907,HRI.L
908,AIRP.XC
909,CKNL.XC
910,BCGL.XC
911,LRCX
912,SBGSY
913,RIO
914,SBGSF
915,0VQD.L
916,NTTYY
917,RTPPF
918,PANW
919,IEM.L
920,0KYY.L
921,BLQAD.XC
922,TJX
923,0R1F.IL
924,DE
925,CEY.L
926,EDIN.L
927,CEYL.XC
928,JDWL.XC
929,EDINL.XC
930,JDW.L
931,ALIZY
932,0OAW.IL
933,0MTD.IL
934,MUFG
935,SBUX
936,0H6X.IL
937,0R0G.L
938,LOMD.XC
939,0R2M.L
940,MGNSL.XC
941,MGNS.L
942,MBFJF
943,0Y3K.L
944,0M6S.IL
945,0HJI.L
946,GPEL.XC
947,SUPRL.XC
948,GPE.L
949,SHOP
950,VX1D.XC
951,SUPR.L
952,AGT.L
953,REGN
954,RICA.L
955,0JYA.L
956,RICAL.XC
957,AGTL.XC
958,BRWM.L
959,GENL.XC
960,MOWIO.XC
961,0R01.IL
962,GEN.L
963,PBR
964,BRWML.XC
965,0Q89.L
966,BMY
967,TRYL.XC
968,CIHHF
969,OTV2.L
970,CIHKY
971,TRY.L
972,PBR-A
973,PGR
974,WKP.L
975,0MCK.IL
976,WKPL.XC
977,SUP.XC
978,0KHP.L
979,AIQUF
980,0J1R.L
981,AIQUY
982,0KTI.L
983,MDLZ
984,GISD.XC
985,IHP.L
986,BPCP.L
987,ADP
988,SOBIS.XC
989,BBGI.L
990,0KOC.L
991,CHGL.XC
992,RLLCF
993,MMC
994,MU
995,SRBD.XC
996,GILD
997,CHG.L
998,0QYQ.IL
999,BP
1000,0Q4U.IL
1001,ETN
1002,CB
1003,BPAQF
1004,ADI
1005,BBGIL.XC
1006,0H30.IL
1007,0R2T.IL
1008,0HRS.L
1009,0NWX.IL
1010,NZYMBC.XC
1011,CVS
1012,LARD.XC
1013,0HW4.L
1014,AMT
1015,UBS
1016,0QDX.IL
1017,0FWY.IL
1018,0F08.IL
1019,0NWF.IL
1020,AWEL.XC
1021,AWE.L
1022,0M3Q.L
1023,CSLLY
1024,0MI0.IL
1025,WOSG.L
1026,SPI.L
1027,SPIL.XC
1028,WOSGL.XC
1029,CBGL.XC
1030,SAINL.XC
1031,SAIN.L
1032,CBG.L
1033,FSVL.XC
1034,JUST.L
1035,AIP.XC
1036,JUSTL.XC
1037,MUTL.XC
1038,ABNB
1039,ALIVS.XC
1040,0JGH.L
1041,PIAIF
1042,0OJC.IL
1043,CMXHF
1044,0GWL.IL
1045,MUT.L
1046,TOELY
1047,TOELF
1048,0JZU.L
1049,THGL.XC
1050,SONG.L
1051,0R78.IL
1052,MTED.XC
1053,RWS.L
1054,CI
1055,THG.L
1056,HTWSL.XC
1057,AAIGF
1058,BSX
1059,0HEU.L
1060,FCSS.L
1061,FCSSL.XC
1062,MELI
1063,ZTS
1064,0VSO.IL
1065,ESLOY
1066,HTWS.L
1067,0R3T.IL
1068,ESLOF
1069,USB-PH
1070,CSUAY
1071,FUTRL.XC
1072,IBN
1073,0K0E.L
1074,PNGAY
1075,DAL.L
1076,AAGIY
1077,FUTR.L
1078,OCI.L
1079,0YAL.IL
1080,GS-PK
1081,0M2B.L
1082,BNPQY
1083,KLAC
1084,SNPMF
1085,0UKH.L
1086,JHD.L
1087,BNPQF
1088,0HOY.L
1089,FI
1090,EOT.L
1091,EOTL.XC
1092,FANL.XC
1093,BBH.L
1094,FAN.L
1095,0J8W.L
1096,BBHL.XC
1097,0FIN.IL
1098,CRN.L
1099,0KOD.L
1100,ANET
1101,CRNL.XC
1102,ICGT.L
1103,UKCML.XC
1104,FRCOY
1105,GS-PA
1106,STOHF
1107,UKCM.L
1108,0MCJ.L
1109,INFY
1110,NFG.L
1111,MS-PK
1112,SNPS
1113,ICGTL.XC
1114,SQZ.L
1115,UBSGZ.XC
1116,0NQC.IL
1117,RLXXF
1118,0HS2.L
1119,0MHZ.IL
1120,GLAXF
1121,GSK
1122,MS-PI
1123,0OMK.IL
1124,CNI
1125,VOLCBS.XC
1126,ELP.XC
1127,CILJF
1128,0H2Z.IL
1129,FRCOF
1130,CDNS
1131,MS-PF
1132,PBCRF
1133,0KII.IL
1134,0NL3.IL
1135,SHECF
1136,0JYW.L
1137,ARM
1138,MRCH.L
1139,REDDL.XC
1140,SHECY
1141,MRCHL.XC
1142,CFRUY
1143,TFIF.L
1144,0K92.L
1145,REDD.L
1146,SYNC.L
1147,CFRHF
1148,SHW
1149,ATLKY
1150,SYNCL.XC
1151,NBPE.L
1152,MS-PE
1153,0RGT.IL
1154,MGAM.L
1155,0LTG.L
1156,GS-PD
1157,SAFRY
1158,DGEAF
1159,HCA
1160,TFIFL.XC
1161,CRE.L
1162,ITW
1163,CREL.XC
1164,MS-PA
1165,EBBNF
1166,DGED.L
1167,SAFRF
1168,ATLPF
1169,DEO
1170,NBPEL.XC
1171,ABBNY
1172,ABLZF
1173,0R9U.IL
1174,APAX.L
1175,JFJ.L
1176,WDAY
1177,PBCRY
1178,ENB
1179,ZFSVF
1180,TGAL.XC
1181,EQIX
1182,AXAHY
1183,IBDSF
1184,0HBT.IL
1185,0UKI.L
1186,IBDRY
1187,APAXL.XC
1188,TGA.L
1189,ATLCY
1190,0HIT.IL
1191,KKR
1192,SO
1193,DOCSL.XC
1194,DOCS.L
1195,USB-PP
1196,ZURVY
1197,GSCTL.XC
1198,GSCT.L
1199,ELML.XC
1200,AXAHF
1201,BYDDY
1202,ELM.L
1203,TIFSL.XC
1204,DSCV.L
1205,BYDDF
1206,0L8B.L
1207,MSBHF
1208,0HFN.L
1209,DSCVL.XC
1210,TIFS.L
1211,ATLFF
1212,APEO.L
1213,0XHL.L
1214,MTSUY
1215,0IU8.IL
1216,SPT.L
1217,SPTL.XC
1218,CME
1219,0SCL.IL
1220,SLB
1221,VCISY
1222,DUK
1223,SYPD.XC
1224,VCISF
1225,HTHIF
1226,0LD8.L
1227,VOF.L
1228,ICE
1229,TRSTL.XC
1230,TRST.L
1231,APEOL.XC
1232,0HR2.L
1233,SNRL.XC
1234,0K36.L
1235,SNR.L
1236,0R9I.IL
1237,0QMU.IL
1238,0JC3.L
1239,0JG6.L
1240,0R31.IL
1241,0L8A.L
1242,0IUC.L
1243,HTHIY
1244,MO
1245,KDDIY
1246,CRWD
1247,0Z1W.L
1248,SAFP.XC
1249,SDP.L
1250,MCO
1251,ALPH.L
1252,CRW.L
1253,HFG.L
1254,JIIL.XC
1255,HFGL.XC
1256,ESOCF
1257,0HAR.IL
1258,0MR6.IL
1259,NOC
1260,SBID.IL
1261,MKGAF
1262,ENLAY
1263,MKKGY
1264,BSIF.L
1265,0ID1.L
1266,IBEE.XC
1267,MAR
1268,0NWW.L
1269,0MHM.IL
1270,0GT1.IL
1271,WMMVF
1272,ABBNZ.XC
1273,MBGAF
1274,DASTF
1275,PYPL
1276,IVSBF
1277,MBGYY
1278,0RQ9.IL
1279,0U5S.L
1280,CFRZ.XC
1281,CSX
1282,MSLHL.XC
1283,0NQM.IL
1284,SRC.L
1285,0XS9.IL
1286,RCRRF
1287,BDX
1288,MSLH.L
1289,0O14.IL
1290,GBG.L
1291,0A5O.IL
1292,TRI
1293,0P59.L
1294,WMMVY
1295,SBIDL.XC
1296,TMPL.L
1297,TMPLL.XC
1298,0KEF.L
1299,SMFNF
1300,CNQ
1301,0EDE.L
1302,0II4.L
1303,BMWYY
1304,0NXX.IL
1305,SBKFF
1306,0NX2.IL
1307,JII.L
1308,BAMXF
1309,0HJL.L
1310,DGP.XC
1311,0A93.IL
1312,SFTBF
1313,BTAFF
1314,SFTBY
1315,BYMOF
1316,0HLE.IL
1317,RNWH.L
1318,IVSXF
1319,SEIT.L
1320,CL
1321,BTI
1322,0H0U.L
1323,0LHY.L
1324,UNCFF
1325,SMFG
1326,BRSC.L
1327,IPX.L
1328,0K0X.L
1329,SFBQF
1330,PHM7D.XC
1331,JLEN.L
1332,UNCRY
1333,ITOCY
1334,0M18.L
1335,BRSCL.XC
1336,ENELM.XC
1337,ITOCF
1338,2PPD.XC
1339,SNOW
1340,0HL1.IL
1341,MCK
1342,BGFDL.XC
1343,CASTS.XC
1344,SLBP.XC
1345,ZURNZ.XC
1346,BGFD.L
1347,USB
1348,0NRE.IL
1349,STLA
1350,0K8M.L
1351,TGT
1352,EOG
1353,JEDT.L
1354,LDNXF
1355,0QZX.L
1356,0IVW.L
1357,0IDR.L
1358,JLENL.XC
1359,NTDOF
1360,SAN
1361,0HB4.IL
1362,CMG
1363,0A0H.IL
1364,0QP2.IL
1365,BCDRF
1366,LNSTY
1367,0R19.L
1368,0HXW.L
1369,0O0V.IL
1370,ESCT.L
1371,NTDOY
1372,KLR.L
1373,SOBKY
1374,KLRL.XC
1375,TEAM
1376,EWI.L
1377,EWIL.XC
1378,SWGAY
1379,SMMNY
1380,ITUB
1381,0O0U.IL
1382,JDG.L
1383,DSYP.XC
1384,BN
1385,AMXOF
1386,SEMHF
1387,0QI7.IL
1388,FDX
1389,0QXR.IL
1390,0H68.L
1391,DBSDF
1392,CHGCY
1393,OLCLY
1394,0P6O.IL
1395,VWAPY
1396,0S23.L
1397,WPS.L
1398,GLNCY
1399,GLCNF
1400,BMWD.XC
1401,DUK-PA
1402,WPSL.XC
1403,0AA9.IL
1404,AON
1405,VLKPF
1406,VLKAF
1407,DBSDY
1408,BMO
1409,0QE6.IL
1410,CTA-PB
1411,GCP.L
1412,MITSY
1413,RACE
1414,ORLY
1415,BAG.L
1416,CCRL.XC
1417,MITSF
1418,0HT4.L
1419,UPR.L
1420,CTAS
1421,0JVT.L
1422,BAGL.XC
1423,GCPL.XC
1424,PH
1425,0LBF.IL
1426,LTODL.XC
1427,LULU
1428,0GZV.IL
1429,MRVL
1430,0AAS.IL
1431,0KFZ.L
1432,STLAMM.XC
1433,PZC.L
1434,0JH3.L
1435,0A0J.IL
1436,0Z4I.L
1437,PEYS.L
1438,NETTF
1439,AAKS.XC
1440,SOIL.XC
1441,JSG.L
1442,PNC
1443,HSL.L
1444,HSLL.XC
1445,0R6R.IL
1446,SOI.L
1447,MMM
1448,FSFLL.XC
1449,TYMNL.XC
1450,PZCL.XC
1451,TYMN.L
1452,FSFL.L
1453,SHED.L
1454,SHEDL.XC
1455,0K6G.IL
1456,VALE
1457,TDG
1458,SHLD.XC
1459,GRID.L
1460,0OAL.L
1461,SANE.XC
1462,MURGY
1463,0R33.L
1464,DPSTF
1465,NTES
1466,EPD
1467,ROP
1468,MNST
1469,MPC
1470,IBSTL.XC
1471,APH
1472,LTOD.IL
1473,IBST.L
1474,DSKYF
1475,NABZY
1476,IPOL.XC
1477,MURGF
1478,GRIDL.XC
1479,IPO.L
1480,APD
1481,THRG.L
1482,0KHZ.L
1483,ESP.L
1484,THRGL.XC
1485,NESF.L
1486,KIE.L
1487,ANCTF
1488,PSBKF
1489,0HBH.L
1490,DSNKY
1491,DELL
1492,TT
1493,0I6K.L
1494,DHLGY
1495,ECL
1496,RTLLF
1497,NESFL.XC
1498,0IFA.L
1499,AMX
1500,0LMP.L
1501,CORD.L
1502,HINKF
1503,0J6Z.L
1504,CNSWF
1505,AXFOS.XC
1506,KIEL.XC
1507,VOW3D.XC
1508,PSX
1509,CURYL.XC
1510,0REK.L
1511,FSUMF
1512,BAKK.L
1513,CORDL.XC
1514,0KXM.L
1515,0RDT.IL
1516,MOONL.XC
1517,MOON.L
1518,YNGA.L
1519,BNS
1520,PSTVY
1521,VLX.L
1522,FSUGY
1523,CURY.L
1524,NXPI
1525,BAKKL.XC
1526,BKRKY
1527,0V5H.L
1528,0R03.L
1529,NAUBF
1530,0L4T.L
1531,FEML.L
1532,APO
1533,BRGEL.XC
1534,CHTR
1535,BRGE.L
1536,0JLK.L
1537,0JGN.L
1538,0HJF.L
1539,YNGN.L
1540,ISNPY
1541,UNVGY
1542,0R0E.IL
1543,WINL.XC
1544,WIN.L
1545,EMR
1546,ATGL.XC
1547,USA.L
1548,TPOS.L
1549,0LK6.L
1550,0J5I.L
1551,NSC
1552,USAL.XC
1553,ATG.L
1554,NEE-PR
1555,MSI
1556,0IAH.IL
1557,0KFE.IL
1558,0H3Q.IL
1559,MMMD.XC
1560,0KW1.L
1561,UMGNF
1562,THRLL.XC
1563,WEBNF
1564,BKRKF
1565,ADSK
1566,0O26.IL
1567,MUV2D.XC
1568,THRL.L
1569,MCGL.XC
1570,0A2B.IL
1571,ADT1.L
1572,SPG
1573,0K3H.L
1574,ADT1L.XC
1575,RSG
1576,MCG.L
1577,CRST.L
1578,0HLQ.L
1579,CRSTL.XC
1580,STEML.XC
1581,BCPTL.XC
1582,HMC
1583,MPNGY
1584,STEM.L
1585,0HBC.IL
1586,HEIAA.XC
1587,DHLD.XC
1588,DHI
1589,FXPO.L
1590,PRTCL.XC
1591,HNDAF
1592,0FRJ.IL
1593,MPNGF
1594,FPMBD.XC
1595,TKOMF
1596,FXPOL.XC
1597,FSGL.XC
1598,FSG.L
1599,PSA
1600,0K9L.L
1601,BBVA
1602,NGGTF
1603,PRTC.L
1604,MET
1605,AOL.XC
1606,AO.L
1607,BBVXF
1608,HOTC.L
1609,0LAF.L
1610,TKOMY
1611,0KS3.L
1612,SCHW-PD
1613,NAS.L
1614,0PMJ.L
1615,ORITL.XC
1616,0A2K.IL
1617,0REH.IL
1618,0TD2.IL
1619,RBGPF
1620,0L6P.L
1621,PCAR
1622,0HF6.L
1623,0HCZ.L
1624,0GTR.IL
1625,E
1626,PXD
1627,RWIL.XC
1628,SPG-PJ
1629,ORIT.L
1630,BUTL.XC
1631,RBGLY
1632,CARR
1633,HUM
1634,PPHL.XC
1635,GROWL.XC
1636,PPH.L
1637,OXY
1638,PDGL.XC
1639,NASL.XC
1640,BOWLL.XC
1641,BOWL.L
1642,IFNNF
1643,CRH
1644,DKILF
1645,PDG.L
1646,PEXNY
1647,BUT.L
1648,ALFA.L
1649,ALFAL.XC
1650,TFC
1651,AFL
1652,NGG
1653,DXCM
1654,IFNNY
1655,WELL
1656,FDML.XC
1657,HTG.L
1658,HTGL.XC
1659,FDM.L
1660,0KZF.L
1661,MCHP
1662,CTA-PA
1663,DKILY
1664,AT.L
1665,TRV
1666,ANZGY
1667,0A45.IL
1668,VOLVF
1669,GM
1670,AIG
1671,0GWI.L
1672,VLVLY
1673,PPRUF
1674,HLT
1675,FTNT
1676,GNCL.XC
1677,PHI.L
1678,PHIL.XC
1679,0KED.IL
1680,GNC.L
1681,TNCAF
1682,AZO
1683,BVA.L
1684,0RLS.IL
1685,0JU0.L
1686,0VFA.L
1687,DNZOF
1688,CPRT
1689,0RIC.IL
1690,CMPGY
1691,0MJX.IL
1692,BOKU.L
1693,BBVAE.XC
1694,PPRUY
1695,CMPGF
1696,0P4F.IL
1697,ELLA.L
1698,CCI
1699,ET
1700,0N9S.IL
1701,ESNTL.XC
1702,PCFTL.XC
1703,ING
1704,ROST
1705,PRSRL.XC
1706,DNZOY
1707,PCFT.L
1708,DECL.XC
1709,PRSR.L
1710,CGEO.L
1711,0Y2S.IL
1712,TAK
1713,0IIH.IL
1714,MQBKY
1715,MET-PA
1716,STZ
1717,0J8P.L
1718,INGVF
1719,MAB1.L
1720,TKPHF
1721,0LQQ.L
1722,ENIM.XC
1723,DEC.L
1724,CGEOL.XC
1725,MEGPL.XC
1726,BAESY
1727,MEGP.L
1728,RSG.L
1729,JAPAY
1730,0Z62.L
1731,0HF3.L
1732,AMS.L
1733,ASC.L
1734,EW
1735,0LIY.L
1736,0JTM.L
1737,IFXD.XC
1738,SRE
1739,KHC
1740,0NO0.IL
1741,0JRV.IL
1742,HHPD.IL
1743,BAESF
1744,0OGK.IL
1745,EL
1746,UCGM.XC
1747,0I4W.L
1748,ASCL.XC
1749,0M0A.IL
1750,MSCI
1751,MFG
1752,0I4W.L
1753,NRDBY
1754,TLW.L
1755,POLR.L
1756,HOCL.XC
1757,UEM.L
1758,OCN.L
1759,0QZ5.L
1760,BXP.L
1761,CWR.L
1762,TLWL.XC
1763,0Y7S.L
1764,0J2E.L
1765,KDP
1766,0MV4.L
1767,HOCPY
1768,VLO
1769,IDXX
1770,PAYX
1771,BSBR
1772,COR
1773,HUSQBS.XC
1774,CGI.L
1775,GROW.L
1776,BOO.L
1777,0ITL.L
1778,CWRL.XC
1779,SKFOF
1780,DDOG
1781,AINND.XC
1782,AIG-PA
1783,ODFL
1784,MZHOF
1785,0N0B.L
1786,0JDM.L
1787,LEN
1788,0R29.L
1789,CER.L
1790,0FMO.IL
1791,DLR
1792,WFAFY
1793,KERP.XC
1794,GWW
1795,LEN-B
1796,HNHPF
1797,ATYM.L
1798,PAC.L
1799,INGAA.XC
1800,SIGCL.XC
1801,PLDGP
1802,HHPDL.XC
1803,TFW.L
1804,GPDNF
1805,DANOY
1806,0RGC.IL
1807,0A2A.IL
1808,WFAFF
1809,MXCT.L
1810,SXYAY
1811,AXB.IL
1812,JUPL.XC
1813,PTAL.L
1814,KHNZD.XC
1815,PCG
1816,0ITV.L
1817,BFFAF
1818,HES
1819,CRARF
1820,XPSL.XC
1821,XPS.L
1822,SIGC.L
1823,HCMLY
1824,0L7L.L
1825,0HWH.L
1826,0KRX.L
1827,0KV7.IL
1828,BASFY
1829,0L9Y.L
1830,0GRX.L
1831,MWY.L
1832,CRARY
1833,MWYL.XC
1834,JEGI.L
1835,PCGH.L
1836,0HAV.L
1837,GSFL.XC
1838,AXBL.XC
1839,NUE
1840,0KAK.L
1841,0JQZ.L
1842,ENGQF
1843,BK
1844,GSF.L
1845,HCMLF
1846,JUP.L
1847,DASH
1848,XIACY
1849,0L95.IL
1850,TEL
1851,HWG.L
1852,ABEV
1853,CHRY.L
1854,0INB.IL
1855,OVCHY
1856,HWGL.XC
1857,KMB
1858,CHRYL.XC
1859,0J50.L
1860,0LXB.L
1861,GDWNL.XC
1862,WMB
1863,0HAI.IL
1864,XIACF
1865,0R7O.IL
1866,SU
1867,PINT.L
1868,ENGIY
1869,PCGHL.XC
1870,PINTL.XC
1871,STMEF
1872,SQ
1873,GDWN.L
1874,AAS.L
1875,MCQEF
1876,FMC1D.XC
1877,LLDTF
1878,STM
1879,ALL
1880,ATR.L
1881,ADYYF
1882,BSQKZ
1883,DIG.L
1884,OKE
1885,PSA-PH
1886,ATRL.XC
1887,DIGL.XC
1888,AEP
1889,NICL.L
1890,0DVR.IL
1891,KHNGY
1892,FSTA.L
1893,FSTAL.XC
1894,0QYD.L
1895,RSE.L
1896,MIDW.L
1897,0M09.L
1898,GGP.L
1899,O
1900,SPOT
1901,AFM.L
1902,CNC
1903,0MYY.IL
1904,EBOX.L
1905,0BFA.IL
1906,CSNL.XC
1907,TRP
1908,0AH3.L
1909,DSDVF
1910,FAST
1911,NCC.L
1912,NAIT.L
1913,IQV
1914,WOPEF
1915,NCCL.XC
1916,0KFX.IL
1917,PDRDF
1918,SBRE.L
1919,0A6V.IL
1920,0LP3.L
1921,SBREL.XC
1922,CSN.L
1923,MPE.L
1924,BGS.L
1925,LYG
1926,BGSL.XC
1927,IPEL.L
1928,0J4X.L
1929,0JR2.L
1930,0IFX.L
1931,WCN
1932,URI
1933,AMP
1934,LHX
1935,KVUE
1936,ADYEY
1937,DSDVY
1938,0YP5.IL
1939,MRAAF
1940,PRNDY
1941,POLN.L
1942,HLN
1943,MRAAY
1944,0LC6.L
1945,LNG
1946,CTSH
1947,PPERY
1948,ALC
1949,0QKY.IL
1950,A
1951,FERG
1952,0JDT.L
1953,0MQ2.IL
1954,PPERF
1955,LSC.L
1956,HFD.L
1957,HSY
1958,CMCXL.XC
1959,MFC
1960,0QY4.L
1961,JCH.L
1962,MTVW.L
1963,HFDL.XC
1964,PAY.L
1965,JCHL.XC
1966,PAYL.XC
1967,BMY.L
1968,UNPRF
1969,MRL.L
1970,0Z4C.IL
1971,CMCX.L
1972,SYY
1973,0HEC.L
1974,KMI
1975,PLTR
1976,IHRL.XC
1977,MRNA
1978,0LD0.IL
1979,HYUD.IL
1980,CLI.L
1981,DBOEF
1982,BMYL.XC
1983,DBOEY
1984,IBKR
1985,ABDP.L
1986,888L.XC
1987,SHIL.XC
1988,D
1989,IHR.L
1990,CLIL.XC
1991,SHI.L
1992,HAFNIO.XC
1993,EXPGY
1994,0TIQ.L
1995,AME
1996,0R1X.L
1997,MPLX
1998,DOW
1999,GMBXF
2000,888.L
2001,LIOL.XC
2002,BCE
2003,SMCAY
2004,JCI
2005,SMECF
2006,SIKAZ.XC
2007,CAPMF
2008,EXPGF
2009,DGN.L
2010,LIO.L
2011,WHR.L
2012,HLNCF
2013,EA
2014,DRPRF
2015,CEG
2016,HKXCF
2017,YUM
2018,0QMW.IL
2019,AUSCL.XC
2020,IT
2021,SWEF.L
2022,ADYENA.XC
2023,BIG.L
2024,0HF7.L
2025,OAP3.L
2026,PSA-PK
2027,CGEMY
2028,0IC9.L
2029,FIS
2030,0A0D.IL
2031,0I58.L
2032,HEFTL.XC
2033,0JS2.L
2034,AUSC.L
2035,HKXCY
2036,ARES
2037,RIP.XC
2038,0KIX.L
2039,WTKWY
2040,0H3T.IL
2041,JEMIL.XC
2042,OTIS
2043,BIIB
2044,JEMI.L
2045,LVS
2046,WIXL.XC
2047,WIX.L
2048,0KXA.L
2049,DRPRY
2050,KNINZ.XC
2051,GIS
2052,HEFT.L
2053,0LUS.L
2054,GVDNY
2055,ANIIL.XC
2056,WOLTF
2057,0HAT.IL
2058,EONGY
2059,ENAKF
2060,MERL.XC
2061,0P6S.IL
2062,MER.L
2063,ZS
2064,UOVEY
2065,BAYRY
2066,VRSK
2067,ANII.L
2068,0HAZ.IL
2069,PDYPY
2070,BAIDF
2071,BAYZF
2072,PDYPF
2073,PCTN.L
2074,0QFD.XC
2075,BIDU
2076,ROK
2077,FASL.XC
2078,FAS.L
2079,0TCP.IL
2080,0IC7.L
2081,0EDD.L
2082,0ND5.IL
2083,DB1D.XC
2084,ALL-PH
2085,0RPO.IL
2086,FDP.L
2087,SVNDY
2088,GPN
2089,FORT.L
2090,0K78.IL
2091,FORTL.XC
2092,ARZGY
2093,CODGF
2094,CODYY
2095,0SPT.L
2096,AMBUBC.XC
2097,HFEL.L
2098,P911D.XC
2099,0GRK.IL
2100,JD
2101,GEHC
2102,CSGP
2103,RNKL.XC
2104,SVNDF
2105,0IJN.L
2106,0ABR.L
2107,HFELL.XC
2108,TTD
2109,CHCJY
2110,CHBJF
2111,0KEI.L
2112,0MJF.IL
2113,0MPP.IL
2114,QSR
2115,0MGD.IL
2116,TIG.L
2117,BAKKAO.XC
2118,0NUK.IL
2119,RNK.L
2120,0NMU.IL
2121,PPG
2122,0L4R.L
2123,VEEV
2124,0XPX.IL
2125,NDAQ
2126,BDRFY
2127,PGPHF
2128,AAIF.L
2129,CARDL.XC
2130,0NHS.L
2131,CMI
2132,CTPE.L
2133,KR
2134,SSREY
2135,EOAND.XC
2136,SSTL.XC
2137,RYCEY
2138,RYCEF
2139,CARD.L
2140,HENOY
2141,CTUK.L
2142,0Q57.IL
2143,CAPP.XC
2144,RBSPF
2145,SSREF
2146,BBD
2147,0KF5.L
2148,CPI.L
2149,0IBC.L
2150,0FS8.L
2151,CPIL.XC
2152,0A2Q.IL
2153,TAM.L
2154,AAIFL.XC
2155,0R7Y.IL
2156,ORAN
2157,XEL
2158,ADDDF
2159,HYMTF
2160,RCL
2161,0QPS.IL
2162,ALL-PB
2163,EXR
2164,0Y4Q.L
2165,BGEUL.XC
2166,ON
2167,BGEU.L
2168,LZAGF
2169,GFS
2170,HYUDL.XC
2171,JDCMF
2172,CREI.L
2173,IR
2174,0RR8.L
2175,SST.L
2176,CREIL.XC
2177,FRP.L
2178,DD
2179,0JFI.L
2180,CAIXY
2181,BAYND.XC
2182,0L1P.L
2183,AMADF
2184,COD.L
2185,LZAGY
2186,CTVA
2187,VICI
2188,0TD7.L
2189,MIELF
2190,0LOD.L
2191,0R3W.IL
2192,BDORY
2193,MTW.L
2194,ASAZF
2195,DOTD.L
2196,GABI.L
2197,0JZ0.L
2198,0HVB.L
2199,RWA.L
2200,SGOP.XC
2201,LBLCF
2202,RNECY
2203,CTUKL.XC
2204,AMKAF
2205,AMKBF
2206,BKR
2207,0RKY.IL
2208,RWAL.XC
2209,0HTG.L
2210,PAF.L
2211,HINTL.XC
2212,AMADY
2213,AMKBY
2214,TTRAF
2215,DNBBY
2216,MIELY
2217,DNBBF
2218,LWIL.XC
2219,MLM
2220,BIOGL.XC
2221,GMGSF
2222,HINT.L
2223,EXOA.XC
2224,BIOG.L
2225,VID.L
2226,GIVNZ.XC
2227,THLEF
2228,VCP.L
2229,THLLY
2230,0J3H.L
2231,HAL
2232,BBDO
2233,SWZCF
2234,WUXIF
2235,CCEP
2236,HENKY
2237,SCMWY
2238,LWI.L
2239,TUNE.L
2240,BOOK.L
2241,GSEOL.XC
2242,TLGPY
2243,0K34.L
2244,0DQ7.IL
2245,ED
2246,BIPS.L
2247,VIDL.XC
2248,0A3Z.IL
2249,0I9F.L
2250,ASAZY
2251,TET.L
2252,RST.L
2253,EFX
2254,TETL.XC
2255,LYB
2256,0M1R.L
2257,CDW
2258,0KC4.L
2259,0K10.L
2260,AAUKF
2261,0LO3.L
2262,TKO.L
2263,BMK.L
2264,JPPHY
2265,ITM.L
2266,GSEO.L
2267,0LRK.L
2268,WIT
2269,CPIC.IL
2270,0QL6.IL
2271,RWNFF
2272,EAT.L
2273,OEZVY
2274,VMC
2275,ORAP.XC
2276,MPWR
2277,FABGS.XC
2278,DISPF
2279,HVRRY
2280,HPGLY
2281,TM17.L
2282,0OIR.IL
2283,ATEYY
2284,0QOQ.L
2285,XPP.L
2286,0OQV.IL
2287,0R23.L
2288,XPPL.XC
2289,0RCO.IL
2290,W7L.L
2291,COIN
2292,SLF
2293,ANSS
2294,GWLIF
2295,IMO
2296,RWEOY
2297,0II3.L
2298,NGLOY
2299,HLAGF
2300,TGOPY
2301,0I35.L
2302,0JQQ.L
2303,0OLD.IL
2304,ADSD.XC
2305,0XVU.L
2306,IDOX.L
2307,DSCSY
2308,PRV.L
2309,ADTTF
2310,SWRAY
2311,WUXAY
2312,MDB
2313,SNGNF
2314,CAML.L
2315,KMRL.XC
2316,SGAPY
2317,PWR
2318,DG
2319,HXGBY
2320,AIE.L
2321,HNE.L
2322,0ILK.IL
2323,CHT
2324,BRDCY
2325,HUBS
2326,0RCG.IL
2327,0KS2.L
2328,0KS6.L
2329,0K9P.IL
2330,BGLP.L
2331,0KCI.L
2332,0RB7.IL
2333,AIEL.XC
2334,TGOPF
2335,PGHNZ.XC
2336,BRK.L
2337,GBOOF
2338,0HQP.L
2339,0A0I.IL
2340,PRVL.XC
2341,WEGZY
2342,0HFB.L
2343,LDSVF
2344,KMR.L
2345,RYAAY
2346,0IZ8.IL
2347,WIL.L
2348,MARUY
2349,MARUF
2350,SJG.L
2351,HPQ
2352,PEG
2353,HNEL.XC
2354,VANQL.XC
2355,VANQ.L
2356,AVCT.L
2357,VWSYF
2358,VIC.L
2359,HEN3D.XC
2360,SRENZ.XC
2361,TEGL.XC
2362,0JFH.L
2363,SJGL.XC
2364,CABKE.XC
2365,DX.L
2366,TEG.L
2367,0UNI.L
2368,DLTR
2369,CCEPA.XC
2370,RECI.L
2371,0IZC.IL
2372,0R8U.IL
2373,CVE
2374,0KSR.L
2375,JAGI.L
2376,0RDS.IL
2377,VWDRY
2378,AVONL.XC
2379,WILL.XC
2380,0RH1.L
2381,BCS
2382,0HG3.L
2383,NET
2384,CCEP.L
2385,RECIL.XC
2386,ADM
2387,AMSE.XC
2388,JAGIL.XC
2389,SSUMY
2390,BOOT.L
2391,0HA0.IL
2392,GABIL.XC
2393,AVON.L
2394,PUK
2395,0O5H.IL
2396,0HL8.L
2397,0HRJ.L
2398,DTRUY
2399,0IW5.IL
2400,GBOOY
2401,HOP.XC
2402,0L5V.L
2403,0L9G.L
2404,FERVF
2405,HLCL.L
2406,BOOTL.XC
2407,0M9A.IL
2408,SSUMF
2409,TTWO
2410,NAPRF
2411,DFS.L
2412,0EYG.IL
2413,TOPC.XC
2414,ZEALC.XC
2415,DTGHF
2416,NPSNY
2417,AEP.L
2418,DFSL.XC
2419,0FF9.IL
2420,HALD.XC
2421,0LIB.L
2422,LSL.L
2423,LONNZ.XC
2424,BRFI.L
2425,0GW3.IL
2426,0QNO.L
2427,0RPR.IL
2428,OTBL.XC
2429,OTB.L
2430,RWED.XC
2431,HLCLL.XC
2432,0MGC.IL
2433,SUHJY
2434,AIPUY
2435,PUKPF
2436,0RGZ.IL
2437,ELIX.L
2438,FANUY
2439,SUHJF
2440,TRAUF
2441,LI
2442,GOLD
2443,RCDOL.XC
2444,0R28.IL
2445,ANYYY
2446,FANG
2447,IFCZF
2448,TSCDF
2449,0K80.L
2450,RCDO.L
2451,0QYZ.L
2452,HRSHF
2453,BCLYF
2454,GASNY
2455,0IHM.IL
2456,SNAP
2457,XYL
2458,CTPCF
2459,0QCQ.IL
2460,ASLIL.XC
2461,ASHTY
2462,BRFIL.XC
2463,KEYS
2464,ASMIY
2465,ASHTF
2466,NCYF.L
2467,0MDT.IL
2468,AHODF
2469,GLE.L
2470,KBCSF
2471,TTGL.XC
2472,0NX3.IL
2473,DIVI.L
2474,0GM2.IL
2475,0QKI.IL
2476,0NZU.IL
2477,0MN3.IL
2478,ASLI.L
2479,FANUF
2480,TRCS.L
2481,DIVIL.XC
2482,TTG.L
2483,GASNF
2484,ADRNY
2485,LOK.L
2486,TSCDY
2487,0MQG.IL
2488,TYIDY
2489,MLYBY
2490,GLEL.XC
2491,DVN
2492,CBRE
2493,NCYFL.XC
2494,PPCCY
2495,HSHCY
2496,CLNXF
2497,TU
2498,0DP0.IL
2499,DB
2500,0O46.IL
2501,FJTSY
2502,CPNG
2503,FNTL.L
2504,KBCSY
2505,TRUMF
2506,MTD
2507,0QP1.IL
2508,0P2N.IL
2509,FJTSF
2510,ASY.L
2511,GFRD.L
2512,0KYZ.L
2513,IPFL.XC
2514,CLLNY
2515,GFRDL.XC
2516,0LC3.L
2517,GLW
2518,SUSL.XC
2519,NTOIY
2520,CCJI.L
2521,CAH
2522,BF-B
2523,BF-A
2524,LGRDY
2525,EIX
2526,PPCCF
2527,0GWS.IL
2528,0QRS.IL
2529,0LMO.L
2530,SCBFF
2531,0KNY.L
2532,SPLK
2533,FTV
2534,RMD
2535,KMTUY
2536,0I1W.L
2537,HIG
2538,WTW
2539,LISPZ.XC
2540,0R4Y.IL
2541,CLPBY
2542,KMTUF
2543,0RG8.IL
2544,ZBH
2545,FERE.XC
2546,0TZZ.L
2547,SUS.L
2548,WST
2549,MHID.IL
2550,CNRFF
2551,0QKN.L
2552,0MW7.IL
2553,AVB
2554,0HQ3.L
2555,NWG
2556,0TCU.L
2557,IBTL.XC
2558,WBD
2559,DLR-PK
2560,TLK
2561,VP.L
2562,0RNH.IL
2563,0IM1.L
2564,NTR
2565,FUJIY
2566,CAJFF
2567,CAJPY
2568,ENQL.XC
2569,0NPV.IL
2570,TSCO
2571,SDVKY
2572,MHIDL.XC
2573,0LSL.L
2574,NTIOF
2575,DY6D.XC
2576,GIB
2577,RBLX
2578,SCBFY
2579,SBAC
2580,ENQ.L
2581,WEC
2582,0HJO.L
2583,DFS
2584,SYM
2585,TLKMF
2586,RCI
2587,APTPF
2588,PINS
2589,MNP.L
2590,0R35.L
2591,SDVKF
2592,0LWG.L
2593,CCJIL.XC
2594,0RI8.IL
2595,ADIGL.XC
2596,NIOX.L
2597,0A2Y.IL
2598,IBT.L
2599,BGUKL.XC
2600,EVVTY
2601,MAHMF
2602,0IPN.L
2603,TROW
2604,0L6Z.L
2605,NESTEH.XC
2606,0KW4.L
2607,BGUK.L
2608,CQP
2609,AWK
2610,JUSC.L
2611,0AC9.IL
2612,0NIR.IL
2613,MNPL.XC
2614,0RBI.IL
2615,SSEZY
2616,HNNMY
2617,BHKLY
2618,0QZ4.L
2619,ADA.XC
2620,CJPRY
2621,CGL.L
2622,0IRE.L
2623,SMCI
2624,0QFT.IL
2625,1SID.XC
2626,SLMNP
2627,SAUHF
2628,EVGGF
2629,YAHOF
2630,WY
2631,MTEL.XC
2632,GKPL.XC
2633,MTSFY
2634,RKT
2635,AEM
2636,SAUHY
2637,LSRCY
2638,YAHOY
2639,VPL.XC
2640,TEFOF
2641,ASMA.XC
2642,LRP.XC
2643,MTROL.XC
2644,GKP.L
2645,BR
2646,GRMN
2647,PUBGY
2648,SHLAF
2649,0YAY.IL
2650,KNYJY
2651,NRR.L
2652,0LVL.IL
2653,HANA.L
2654,NRRL.XC
2655,CHD
2656,DGI9L.XC
2657,DGI9.L
2658,DAL
2659,VNNVF
2660,0R2X.L
2661,DNKEY
2662,MTE.L
2663,KSHTY
2664,TEF
2665,MTRO.L
2666,VONOY
2667,KNYJF
2668,DLR-PJ
2669,HKHHF
2670,0R13.L
2671,HKHHY
2672,EC
2673,HAN.L
2674,ANPDF
2675,0R09.L
2676,KBCB.XC
2677,CLNXE.XC
2678,VOD
2679,RJF
2680,0HPW.L
2681,DSFIRA.XC
2682,BNTX
2683,ANPDY
2684,FJVL.XC
2685,0RV2.IL
2686,MBLY
2687,DOGEF
2688,0I50.IL
2689,KLBAY
2690,SOHOL.XC
2691,FJV.L
2692,SHLRF
2693,SOHO.L
2694,MTB
2695,FITB
2696,NVR
2697,PHM
2698,DNNGY
2699,SRTOY
2700,0GDU.IL
2701,0IIB.L
2702,VTU.L
2703,PKX
2704,KCTL.XC
2705,0RPS.L
2706,0O8D.IL
2707,KUASF
2708,TW
2709,ACSO.L
2710,ULTA
2711,0OHK.L
2712,CABPL.XC
2713,WAB
2714,CEBCF
2715,EQLS.L
2716,CHRT.L
2717,0GVS.IL
2718,LGRS.L
2719,0RD1.L
2720,KCT.L
2721,0RPZ.L
2722,ALNY
2723,VODPF
2724,CABP.L
2725,0JWC.L
2726,LTHM.L
2727,0II2.IL
2728,EQR
2729,0HEW.L
2730,RYAOF
2731,PANR.L
2732,0R6Z.IL
2733,SOLG.L
2734,ORXCF
2735,ECOR.L
2736,NJDCY
2737,IIG.L
2738,0NBD.IL
2739,APTV
2740,TCOM
2741,VEOEY
2742,0IFJ.L
2743,0TDE.IL
2744,STT
2745,VEOEF
2746,ECORL.XC
2747,0JSY.L
2748,IX
2749,CEZYY
2750,SOLGL.XC
2751,0R3Y.IL
2752,0KKZ.L
2753,JMIL.XC
2754,GXYEF
2755,0JVI.L
2756,FNX.L
2757,SDMHF
2758,PCRFF
2759,ASBFF
2760,SFOR.L
2761,PCRFY
2762,SREI.L
2763,ASBFY
2764,0QMV.IL
2765,BVXP.L
2766,0FQI.IL
2767,JMI.L
2768,SFORL.XC
2769,VNAD.XC
2770,MNL.L
2771,0LTI.L
2772,0J71.L
2773,EXXRF
2774,GWLLF
2775,NNDNF
2776,ICLR
2777,0KO5.L
2778,0R4P.L
2779,PUBP.XC
2780,ILMN
2781,MT
2782,EPOKY
2783,0R1T.L
2784,HEIOA.XC
2785,0QO1.IL
2786,GOGLO.XC
2787,ELEZY
2788,BLDR
2789,STE
2790,0HKY.L
2791,SREIL.XC
2792,CCL
2793,GWLLY
2794,OWL
2795,0LNG.IL
2796,ALPMF
2797,GRBMF
2798,GXYYY
2799,AJINY
2800,NPSCY
2801,SWDBY
2802,ARGX
2803,MHVYF
2804,LUCE.L
2805,ELEZF
2806,EJPRY
2807,SCHNZ.XC
2808,MOH
2809,OTSKY
2810,0ICP.L
2811,SCHPZ.XC
2812,PHG
2813,SZKMY
2814,BRO
2815,HEI
2816,0N7D.IL
2817,ARE
2818,HEI-A
2819,MTRJF
2820,DTE
2821,IMBBY
2822,RYLPF
2823,ROL
2824,CVCG.L
2825,LUCEL.XC
2826,OTSKF
2827,KYOCY
2828,STMNZ.XC
2829,EBAY
2830,BMD.L
2831,JBHT
2832,IMBBF
2833,LABSL.XC
2834,LABS.L
2835,SCHYY
2836,0A3T.IL
2837,API.L
2838,0NY8.IL
2839,ZM
2840,0L4P.L
2841,SE
2842,MARSL.XC
2843,SAGA.L
2844,0HD2.L
2845,MARS.L
2846,SAXPY
2847,FE
2848,PTC
2849,KYOCF
2850,UNCHF
2851,VRSN
2852,0HAG.IL
2853,0QOT.L
2854,SVNLF
2855,SWDBF
2856,0A2M.IL
2857,VIEP.XC
2858,SAXPF
2859,0HHR.L
2860,0IUX.L
2861,WPM
2862,PBEE.L
2863,SAA.L
2864,INVH
2865,SIRI
2866,DOV
2867,0JYM.L
2868,0HCK.L
2869,ALPMY
2870,ETR
2871,DLICY
2872,0IVM.IL
2873,FLT
2874,0IW7.L
2875,DLMAF
2876,RCHL.XC
2877,SCGLY
2878,RCH.L
2879,TDY
2880,SVNLY
2881,0J8Z.L
2882,UNICY
2883,0YCP.L
2884,0J51.L
2885,EBR-B
2886,LYV
2887,DWAHY
2888,ALGN
2889,MTCPY
2890,0HQN.L
2891,0FHP.L
2892,NTDTY
2893,CICOY
2894,APH.L
2895,TSTL.L
2896,0N9G.IL
2897,ERIXF
2898,FCNCA
2899,IFF
2900,STS.L
2901,ARGXB.XC
2902,VRT
2903,CICOF
2904,STSL.XC
2905,0LSZ.L
2906,IQG.L
2907,SCGLF
2908,AONNY
2909,BMBOY
2910,BDWBF
2911,FCNCB
2912,FANDF
2913,ERIC
2914,HHI.L
2915,EXPE
2916,0I77.L
2917,0M29.L
2918,DNA2.L
2919,CM
2920,ELCPF
2921,CCJ
2922,ASX
2923,UMC
2924,0QXP.IL
2925,HPE
2926,0RG4.IL
2927,HHIL.XC
2928,GENLL.XC
2929,GPC
2930,UWMC
2931,SYNT.L
2932,GENL.L
2933,0JZ1.L
2934,MTA.XC
2935,SMIFL.XC
2936,RCN.L
2937,SCPL.XC
2938,SCP.L
2939,ANFGF
2940,EBAD.XC
2941,SMIF.L
2942,TCKRF
2943,IQE.L
2944,0J5Q.L
2945,TECK
2946,FMCCT
2947,SYNTL.XC
2948,0ILW.L
2949,YU.L
2950,CUKPF
2951,0L5A.L
2952,0IJV.L
2953,0KBK.L
2954,0HBQ.L
2955,MACFL.XC
2956,DECK
2957,JMF.L
2958,BDWBY
2959,CBOE
2960,0QW0.IL
2961,CLPHF
2962,ARLUF
2963,BAX
2964,CABJF
2965,UPMKF
2966,FARN.L
2967,RTWG.L
2968,COST.L
2969,TTST.IL
2970,FTS
2971,TTSTL.XC
2972,PHIAA.XC
2973,HSNGY
2974,0IPB.L
2975,MACF.L
2976,IRM
2977,JMFL.XC
2978,VTR
2979,0DJI.IL
2980,TTNDY
2981,IATL.XC
2982,0A1O.L
2983,OIT.L
2984,0LEF.L
2985,0I3I.L
2986,CLPHY
2987,COSTL.XC
2988,EDPFY
2989,SCFL.XC
2990,VLTO
2991,SAMPOH.XC
2992,SZLMY
2993,NAVF.L
2994,WBA
2995,LGGNY
2996,0R18.L
2997,AXON
2998,MKL
2999,SONVY
3000,STT-PD
3001,COO
3002,SONVF
3003,KSPIL.XC
3004,IAT.L
3005,TTDKY
3006,0JW2.L
3007,AMRQ.L
3008,UPMMY
3009,GYML.XC
3010,0LHR.L
3011,DRI
3012,LH
3013,0HOT.L
3014,AUGML.XC
3015,KITW.L
3016,GBERY
3017,CUK
3018,GTLY.L
3019,GYM.L
3020,HSNGF
3021,0LD9.L
3022,SCF.L
3023,PPL
3024,0LVK.L
3025,GNMSF
3026,0JDP.L
3027,IVPG.L
3028,0I6Q.L
3029,CKHUF
3030,PWCDF
3031,CABGY
3032,KOF
3033,SOM.L
3034,IVPM.L
3035,WMG
3036,KEY-PK
3037,LGGNF
3038,0OF7.IL
3039,AUGM.L
3040,PFG
3041,NTEA.L
3042,0JVD.L
3043,TTDKF
3044,EGL.L
3045,GMAB
3046,KSPI.IL
3047,BWLPGO.XC
3048,EXPD
3049,CRBJY
3050,0KEJ.L
3051,0HL5.L
3052,ACICL.XC
3053,TNRSF
3054,COCSF
3055,CKHUY
3056,0QIX.IL
3057,TRGP
3058,AVIFY
3059,HIG-PG
3060,FANDY
3061,WDC
3062,HBAN
3063,CHKP
3064,0L77.L
3065,TS
3066,NOK
3067,0NV5.IL
3068,0K8D.IL
3069,TSN
3070,NOKBF
3071,THS.L
3072,STLD
3073,STT-PG
3074,BSV.L
3075,0JYZ.IL
3076,YZCAY
3077,0BDR.IL
3078,PBA
3079,0HUR.L
3080,EMBVF
3081,TYL
3082,ES
3083,AKAM
3084,ZTF.L
3085,BRCK.L
3086,MITEY
3087,K
3088,CTRA
3089,0JOI.L
3090,IVPU.L
3091,0R1R.L
3092,EBR
3093,HSW.L
3094,0LF0.L
3095,0QQ2.IL
3096,LPLA
3097,HSWL.XC
3098,STX
3099,NTAP
3100,0I0J.L
3101,VSL.L
3102,WSPOF
3103,0LO4.L
3104,ENTG
3105,0LMR.L
3106,AEE
3107,ZTFL.XC
3108,ARR.L
3109,0JY9.L
3110,JAR.L
3111,KAOOY
3112,LUV
3113,0A17.L
3114,OCPNF
3115,AJOT.L
3116,0HYE.L
3117,0RDI.L
3118,BORRO.XC
3119,OLYMY
3120,HUBB
3121,TMO.L
3122,ERIE
3123,CAPD.L
3124,SFRL.XC
3125,PBLOF
3126,EDRVF
3127,WLK
3128,GFM.L
3129,0MGE.IL
3130,IOT
3131,FITBI
3132,ACIC.L
3133,FDS
3134,0KSX.L
3135,0K91.L
3136,SAG.L
3137,0LXC.L
3138,HAT.L
3139,BEG.L
3140,EBKDY
3141,BALL
3142,JLP.L
3143,EBKOF
3144,0LCX.L
3145,0I7E.L
3146,SLP.L
3147,UPMH.XC
3148,CLX
3149,CAPDL.XC
3150,0QA8.IL
3151,OMC
3152,W8AD.XC
3153,NURAF
3154,0EAQ.L
3155,SFR.L
3156,0KUE.L
3157,BOIVF
3158,DKNG
3159,CINF
3160,RF
3161,ARIX.L
3162,RPRX
3163,OXBL.XC
3164,MKC-V
3165,0MG2.IL
3166,0A0K.IL
3167,CLIGL.XC
3168,OXB.L
3169,HOLX
3170,REPYY
3171,KUBTY
3172,UCBJY
3173,BMRN
3174,CNP
3175,STOSF
3176,0HXB.IL
3177,0HAF.IL
3178,NXR.L
3179,NPPHY
3180,KEYS.L
3181,IPXHY
3182,NRILY
3183,HRNNF
3184,SWKS
3185,CLIG.L
3186,NOKIAH.XC
3187,WNGRF
3188,APTDL.XC
3189,SGBLY
3190,MKC
3191,0QZF.L
3192,0NZT.IL
3193,KUBTF
3194,SMPNY
3195,VTAS.L
3196,IGC.L
3197,0QPY.IL
3198,HEADL.XC
3199,HEAD.L
3200,EPAM
3201,DT
3202,0QMG.IL
3203,HDELY
3204,0I8W.L
3205,TEZNY
3206,APTD.L
3207,EDPRU.XC
3208,CHKGF
3209,0IJ2.L
3210,UAV.L
3211,ATO
3212,DLARL.XC
3213,HLBZF
3214,ASIZ.L
3215,SNMRY
3216,0JWO.IL
3217,BAH
3218,IOM.L
3219,JSGI.L
3220,0JXF.IL
3221,BEP
3222,MTU.L
3223,J
3224,0DNW.IL
3225,BGNE
3226,0OJA.IL
3227,0HE2.L
3228,0HJR.L
3229,FSJL.XC
3230,SLHNZ.XC
3231,DIDIY
3232,0RII.IL
3233,SDXAY
3234,HEIT.L
3235,0H9N.L
3236,0DU3.IL
3237,0QB7.IL
3238,TER
3239,0MUM.IL
3240,VIV
3241,0RQ8.IL
3242,DLAR.L
3243,LBG.L
3244,FLNGO.XC
3245,MTUL.XC
3246,0HKE.L
3247,GEBNZ.XC
3248,SUI
3249,NTRS
3250,JHX
3251,SSLZY
3252,HRL
3253,ICHGF
3254,CMCL.L
3255,GMS.L
3256,NXRL.XC
3257,GMSL.XC
3258,0HQU.L
3259,EYE.L
3260,0SFN.IL
3261,CMS
3262,KETL.L
3263,AKRBF
3264,0IIR.L
3265,OIG.L
3266,0IXZ.IL
3267,0QUU.IL
3268,BEKE
3269,SRAD.L
3270,0RBW.IL
3271,AKRBY
3272,JHIUF
3273,MAA
3274,L
3275,TIGT.L
3276,DORE.L
3277,FSJ.L
3278,EG
3279,0L8F.L
3280,CHWRF
3281,ARBB.L
3282,0NQG.IL
3283,AVY
3284,RS
3285,FOXTL.XC
3286,FAXXF
3287,BPM.L
3288,LII
3289,0OFO.L
3290,FOXT.L
3291,0KU1.L
3292,DPEU.L
3293,0K1E.L
3294,0J5Z.L
3295,FSNUY
3296,TIGTL.XC
3297,FSNUF
3298,0MJK.IL
3299,0HR4.L
3300,DPEUL.XC
3301,TELNY
3302,ESS
3303,BOLP.XC
3304,NPNYY
3305,JBL
3306,FSLR
3307,WSO
3308,TEVJF
3309,CAOVF
3310,WLMIY
3311,EDNMY
3312,JARA.L
3313,JCGI.L
3314,0RIX.L
3315,0R06.L
3316,RNMBY
3317,LW
3318,RNMBF
3319,CE
3320,IHG
3321,MGA
3322,0NQP.IL
3323,SOMLF
3324,BBY
3325,CNGKY
3326,SOMLY
3327,SDYL.XC
3328,0MWK.IL
3329,SDY.L
3330,NSANY
3331,PSDLL.XC
3332,JCGIL.XC
3333,0LQ1.IL
3334,SURDF
3335,HEID.XC
3336,IEX
3337,0LBM.IL
3338,PSDL.L
3339,JARAL.XC
3340,WLMIF
3341,SGSOY
3342,SYF
3343,CTTAY
3344,RPGRY
3345,TRNM.XC
3346,GPFOF
3347,TXT
3348,SGSOF
3349,SEC.L
3350,0R2J.L
3351,0QM9.IL
3352,0L7G.L
3353,BOLSY
3354,0A2Z.IL
3355,MAS
3356,PVN.L
3357,RGL.L
3358,JZCP.L
3359,RGLL.XC
3360,SOLI.L
3361,CRBG
3362,0L1G.L
3363,0LER.IL
3364,GPHL.XC
3365,CREO.L
3366,MMIT.L
3367,POOL
3368,LNVGY
3369,FUJHF
3370,CFG
3371,AEWUL.XC
3372,GDDY
3373,SECL.XC
3374,QBIEY
3375,AER
3376,CTTAF
3377,PFCL.XC
3378,0J3F.IL
3379,LDOS
3380,KRYAY
3381,LNVGF
3382,CGSL.XC
3383,MONRY
3384,SNA
3385,AVVIY
3386,AEWU.L
3387,NRSCF
3388,ALLY
3389,BAM
3390,0RB3.IL
3391,NSANF
3392,0HD0.L
3393,RIVN
3394,FXFLF
3395,SGGEF
3396,SSNC
3397,CGS.L
3398,WXIBF
3399,0U96.L
3400,CNHI
3401,FLSC.XC
3402,NMR
3403,EMSNZ.XC
3404,PFC.L
3405,0DPB.IL
3406,GEN
3407,BRSA.L
3408,SKHSF
3409,SGPYY
3410,CSL
3411,0JLU.L
3412,BSY
3413,AIVAF
3414,DUAVF
3415,PGOO.L
3416,QBEIF
3417,0JSJ.L
3418,CAOVY
3419,GPH.L
3420,BASC.L
3421,BTGOF
3422,0J66.L
3423,0L4Q.L
3424,0QGU.IL
3425,0HYP.L
3426,PRDSF
3427,LOGI
3428,BRSAL.XC
3429,MGDDY
3430,DPZ
3431,KRYAF
3432,ALFVY
3433,TME
3434,ZTCOF
3435,CMPG.L
3436,BASCL.XC
3437,CMCLF
3438,0QII.IL
3439,EKF.L
3440,IGR.L
3441,HUNGF
3442,EDENP.XC
3443,AVTR
3444,STMZF
3445,AHCHF
3446,FWONK
3447,FWONA
3448,PKG
3449,MSI.L
3450,CFG-PD
3451,0V1L.IL
3452,DGX
3453,POAHY
3454,SWK
3455,POAHF
3456,WXXWY
3457,SYIEF
3458,ALFVF
3459,AHCHY
3460,APP
3461,MGM
3462,0KGP.IL
3463,0L7F.L
3464,ASITL.XC
3465,FOX
3466,FOXA
3467,RHMD.XC
3468,PODD
3469,EQT
3470,SGIOY
3471,CRZBY
3472,ENPH
3473,PRDSY
3474,KGSPY
3475,SINGY
3476,PEEL.L
3477,PTAIY
3478,ASIT.L
3479,0NI1.IL
3480,JSE.L
3481,0HK4.L
3482,0A33.IL
3483,BOUYY
3484,0K7V.L
3485,SYIEY
3486,GGG
3487,SUTNY
3488,SDZNY
3489,CG
3490,SINGF
3491,GEM.L
3492,VST
3493,0L9E.L
3494,CF
3495,CPC.L
3496,CMPI.L
3497,0LJL.L
3498,0O0N.IL
3499,IPU.L
3500,PGHZ.L
3501,AFC.L
3502,IPUL.XC
3503,TRMLF
3504,AXS.L
3505,HST
3506,NET.L
3507,SHG
3508,0M30.L
3509,BERIL.XC
3510,AEIL.XC
3511,ECEL.L
3512,0JQR.L
3513,0K7U.L
3514,KEY-PJ
3515,CKISF
3516,0KVH.IL
3517,NVZMY
3518,BERI.L
3519,JRONY
3520,0RC2.IL
3521,VFS
3522,BIP
3523,WPC
3524,DUKE.L
3525,0RT6.L
3526,YUMC
3527,0MHT.IL
3528,NCLTY
3529,0HMZ.L
3530,BZLFY
3531,HHV.L
3532,0MSJ.IL
3533,0RU6.L
3534,AEI.L
3535,KB
3536,0JUJ.L
3537,ESALF
3538,0K4C.L
3539,0HCH.L
3540,NVZMF
3541,CLPXY
3542,0A5V.IL
3543,CKISY
3544,0JHU.IL
3545,OKTA
3546,CHVKF
3547,0K85.L
3548,NCLTF
3549,OMG.L
3550,ALB
3551,BEN
3552,NWSA
3553,SDZXF
3554,NWS
3555,RPM
3556,VTRS
3557,INDI.L
3558,NCBDF
3559,KKPNY
3560,KIST.L
3561,0LMW.L
3562,BDOUY
3563,0MNQ.IL
3564,0HAN.IL
3565,0QMI.IL
3566,MANH
3567,KYGA.L
3568,ZTO
3569,SHG.L
3570,0HVF.L
3571,SY1D.XC
3572,0L7A.L
3573,CHH.L
3574,0I2P.L
3575,BMBLF
3576,ADVT.L
3577,0K6R.L
3578,BBSEY
3579,NXGPY
3580,KEY-PI
3581,XP
3582,KPC.L
3583,CPPCY
3584,MCB.L
3585,0SGO.L
3586,CAG
3587,INCY
3588,MERC.L
3589,WJG.L
3590,CLEGF
3591,AMCR
3592,0IAX.IL
3593,0K2K.L
3594,NBIX
3595,AA4.L
3596,SQM
3597,OMVJF
3598,OC
3599,SGSNZ.XC
3600,0YH9.IL
3601,SJM
3602,KIM
3603,REC.L
3604,0EXG.IL
3605,NCBDY
3606,NLY-PG
3607,ESAIY
3608,0J72.L
3609,CNE.L
3610,CNEL.XC
3611,OMVKY
3612,TAP
3613,MCBL.XC
3614,ACGLO
3615,NICE
3616,H
3617,0AAV.IL
3618,TRU
3619,ELS
3620,0RDX.IL
3621,NTNX
3622,SUP.L
3623,CVPBF
3624,TAP-A
3625,0QRA.L
3626,UDR
3627,FNF
3628,DQJCY
3629,0GRP.IL
3630,DQJCF
3631,KKPNF
3632,WSM
3633,TWLO
3634,RTO
3635,0QK6.IL
3636,PTBRY
3637,ULTPL.XC
3638,SUZ
3639,KRXI.XC
3640,MGCI.L
3641,NEXOF
3642,0MKH.IL
3643,SEGXF
3644,GAILF
3645,0MPT.IL
3646,BMXMF
3647,0GF6.IL
3648,0LQ0.IL
3649,TNABY
3650,BXBLY
3651,JMTU.XC
3652,SHZHY
3653,AFRM
3654,PATH
3655,RVTY
3656,IFJPY
3657,SMNNY
3658,FTF.L
3659,NLY-PF
3660,KEY
3661,AMCCF
3662,ULTP.L
3663,0H9X.IL
3664,CJEWY
3665,HSP.L
3666,0RAI.IL
3667,ZBRA
3668,0G6T.IL
3669,BNTGY
3670,ALL.L
3671,NEXOY
3672,SHMDF
3673,STB.L
3674,GAIDL.XC
3675,PSTG
3676,PPHC.L
3677,ADEVF
3678,HLDVF
3679,HOKCY
3680,AZPN
3681,INOVL.XC
3682,PRYMF
3683,AMAT.L
3684,FRFFF
3685,LOGNZ.XC
3686,0JH4.IL
3687,CHEOY
3688,BSC.L
3689,BG
3690,CHEOF
3691,U
3692,Z
3693,FCH.L
3694,ZG
3695,KHOLY
3696,LKQ
3697,ZG
3698,LKREF
3699,HLDCY
3700,TEVA
3701,CALL.XC
3702,STBL.XC
3703,AKZOY
3704,0RUG.IL
3705,DOCU
3706,0HST.L
3707,CPB
3708,0FGH.IL
3709,0HEJ.L
3710,LECO
3711,NIO
3712,GLPEY
3713,JXHGF
3714,MAJEL.XC
3715,GLPEF
3716,LZRFY
3717,0I4X.L
3718,BRLAL.XC
3719,MSLOY
3720,UHAL-B
3721,UHAL
3722,BURL
3723,ACI
3724,0RFL.IL
3725,CKHGY
3726,0LOE.L
3727,SVML.L
3728,FCHL.XC
3729,ROKU
3730,0TDG.L
3731,AAVMY
3732,0AAQ.IL
3733,0KSJ.L
3734,AEOXF
3735,TRMB
3736,0MV5.IL
3737,RF-PB
3738,0O8F.IL
3739,0ROY.IL
3740,IP
3741,CAL.L
3742,JXHLY
3743,RADLY
3744,CRRFY
3745,GFL
3746,SNN
3747,IVPAF
3748,SWGNF
3749,SWGAF
3750,MAA-PI
3751,DKS
3752,0R9X.IL
3753,CCPA.L
3754,0HC7.L
3755,GLPI
3756,JDEPF
3757,BRLA.L
3758,0JCK.L
3759,INOV.L
3760,LNT
3761,RSNHF
3762,RF-PC
3763,MTUAY
3764,IPG
3765,0XVE.IL
3766,CRERF
3767,SAIA
3768,0QYE.L
3769,VACNZ.XC
3770,JKHY
3771,0RDM.IL
3772,0Y5X.L
3773,PYX.L
3774,0K3B.L
3775,HGKGY
3776,ESTC
3777,0NUX.IL
3778,AOS
3779,0IF3.L
3780,AVG.L
3781,0NP8.IL
3782,SNNUF
3783,0XWG.IL
3784,0JSC.L
3785,HDIV.L
3786,TRATF
3787,BESIY
3788,CRHKY
3789,DNA3.L
3790,MTUAF
3791,0RQ2.IL
3792,I3E.L
3793,ACM
3794,MTRAF
3795,BLD
3796,HGKGF
3797,REXR
3798,JARLF
3799,SNWS.L
3800,MORN
3801,JNPR
3802,0U8N.L
3803,FOJCF
3804,SSIT.L
3805,PNR
3806,KRTX
3807,0ABG.IL
3808,CNA
3809,0AA4.IL
3810,AGR
3811,MAJE.L
3812,RIII.L
3813,BAP
3814,0HDP.IL
3815,ECK.L
3816,SSITL.XC
3817,0KGH.L
3818,REECF
3819,0DH7.L
3820,SAAS.L
3821,EXAS
3822,0NPH.IL
3823,0HOX.L
3824,SSMXY
3825,DVDCF
3826,BVVBY
3827,GRAB
3828,LIT.L
3829,DVCMY
3830,TFX
3831,NRG
3832,ERFSF
3833,0KBQ.IL
3834,0KHE.L
3835,KAEPY
3836,FOJCY
3837,AKZAA.XC
3838,SNMCY
3839,0RLO.L
3840,NIABY
3841,KAIKY
3842,JMHLY
3843,PANDY
3844,AATG.L
3845,AAEV.L
3846,RBA
3847,IGV.L
3848,REG
3849,0NQF.IL
3850,OSCUF
3851,0FC9.IL
3852,0Y5C.L
3853,CYNL.XC
3854,RYAN
3855,JPXGY
3856,ERRAF
3857,NATKY
3858,0EV1.L
3859,PDLL.XC
3860,FND
3861,ARCC
3862,0HGC.L
3863,FMS
3864,0RP5.IL
3865,TFII
3866,TYNPF
3867,ROOF.L
3868,ACSAY
3869,GL
3870,RICFY
3871,ROOFL.XC
3872,0R3I.IL
3873,KNBWF
3874,CCPC.L
3875,KNBWY
3876,LBRDK
3877,LBRDA
3878,NIOIF
3879,NDRBF
3880,0LHS.L
3881,PDL.L
3882,PECGF
3883,EDU
3884,0HCT.L
3885,ACRL.L
3886,AADV.L
3887,ZI
3888,SHOE.L
3889,0A5U.IL
3890,0K75.IL
3891,0A2I.IL
3892,BGCG.L
3893,BGCGL.XC
3894,HALFF
3895,IFSUF
3896,0HBF.IL
3897,CCP.L
3898,TECH
3899,BESIA.XC
3900,FMCQF
3901,LBRDB
3902,0JGK.L
3903,NHYKF
3904,0HTQ.L
3905,0MH1.IL
3906,SRPT
3907,MTXD.XC
3908,WPLCF
3909,TPL
3910,GFI
3911,NNGPF
3912,RDY
3913,AES
3914,OTEX
3915,MCT.L
3916,USFD
3917,EQH
3918,CAP.XC
3919,OOA.L
3920,VDMCY
3921,0HAH.IL
3922,0GTM.IL
3923,MVCT.L
3924,OVV
3925,0L73.L
3926,0A5I.L
3927,NHYDY
3928,CLILF
3929,PAA
3930,AIBRF
3931,RGA
3932,NNGRY
3933,CDGP.L
3934,0QJV.IL
3935,PRYM.XC
3936,0H6G.L
3937,WIZEY
3938,KAPL.XC
3939,PAYC
3940,ANGPY
3941,0GTN.IL
3942,HUW.L
3943,ATS.L
3944,CARR.L
3945,0YG7.L
3946,CARRL.XC
3947,VIVEF
3948,KMX
3949,PFGC
3950,AIBGY
3951,0B67.IL
3952,JBARF
3953,BCH
3954,RNR
3955,0LS8.L
3956,DBX
3957,CRL
3958,UTL.L
3959,NDEKY
3960,0IL6.L
3961,PEBB.L
3962,GTLB
3963,0RES.IL
3964,0KTS.L
3965,0LD5.L
3966,MDIBY
3967,DOX
3968,COTY
3969,UHRNZ.XC
3970,ALLE
3971,ATSL.XC
3972,HALMY
3973,VIVHY
3974,0IRN.L
3975,0QM4.L
3976,SSDOY
3977,SPSY.L
3978,UHRZ.XC
3979,0MI3.IL
3980,MTHRY
3981,WKOF.L
3982,0ON7.IL
3983,WES
3984,ISUZF
3985,CYN.L
3986,RNLSY
3987,FFIV
3988,JBAXY
3989,CCHBF
3990,CCHGY
3991,0Q0Y.IL
3992,MTNOF
3993,0R8S.IL
3994,LAMR
3995,NTN.L
3996,BXP
3997,CX
3998,INWM.XC
3999,0DRH.IL
4000,AGPPF
4001,HLMAF
4002,BVIP.XC
4003,0IPD.L
4004,0XNH.L
4005,AEGOF
4006,PEAK
4007,0K9V.IL
4008,SOLBB.XC
4009,BKHYY
4010,TRR.L
4011,UHS
4012,SHEP.AQ
4013,X
4014,0QVV.IL
4015,TOL
4016,HDALF
4017,0J76.L
4018,NWF.L
4019,JBSAY
4020,EPWN.L
4021,FINMF
4022,0K9O.L
4023,0KSA.L
4024,AEG
4025,YASKY
4026,CASY
4027,CPT
4028,0KUT.L
4029,TPFG.L
4030,0IR9.L
4031,NI
4032,DNOPY
4033,EME
4034,ISUZY
4035,0HAC.IL
4036,ANIC.L
4037,DINO
4038,FINMY
4039,0J1N.IL
4040,SIETY
4041,0R43.L
4042,NTV.L
4043,SMEGF
4044,SPE.L
4045,AQX.L
4046,WMS
4047,KOO.L
4048,AHKSY
4049,CDAY
4050,MOS
4051,NEMKY
4052,GHT.L
4053,GBLBY
4054,WYNN
4055,GMR.L
4056,FOG.L
4057,EMN
4058,0QBM.IL
4059,TSGTF
4060,0H59.IL
4061,NI-PB
4062,ANCR.L
4063,PAG
4064,0HE6.IL
4065,QRVO
4066,ELPQF
4067,CUBE
4068,SBS
4069,STBFY
4070,0R86.L
4071,TSGTY
4072,SMTOY
4073,0LW9.L
4074,PR
4075,SWRAF
4076,SWRBY
4077,DNOPF
4078,0KBS.IL
4079,CMSQY
4080,0QO6.IL
4081,SKHCF
4082,KNRRY
4083,WTRG
4084,FIVE
4085,0HRZ.L
4086,0RKK.L
4087,0NW2.IL
4088,CHYHY
4089,LEGN
4090,QGEN
4091,WRK
4092,RGEN
4093,GNENF
4094,LSXMK
4095,LSXMA
4096,HII
4097,0RLT.IL
4098,GR1T.L
4099,PSHZF
4100,UTHR
4101,NEXXY
4102,AGASO.XC
4103,0HIN.L
